{"cameraMode":{"drawMode":0,"name":"Shaded","section":"Shading Mode"},"sceneLighting":true,"audioPlay":false,"sceneViewState":{"showFog":true,"showMaterialUpdate":true,"showSkybox":true,"showFlares":true,"showImageEffects":true,"showParticleSystems":true},"in2DMode":false,"pivot":{"x":51.155914306640628,"y":-74.82101440429688,"z":-11.53858470916748},"rotation":{"x":-0.7087658643722534,"y":0.025373684242367746,"z":-0.02552695944905281,"w":-0.7045250535011292},"size":427.7630310058594,"orthographic":false}